<?xml version="1.0" encoding="UTF-8"?>
<description xmlns="http://openoffice.org/extensions/description/2006" xmlns:d="http://openoffice.org/extensions/description/2006"  xmlns:xlink="http://www.w3.org/1999/xlink">
    <registration>
        <simple-license accept-by="admin" suppress-on-update="false" >
            <license-text xlink:href="LICENSES-en.txt" lang="en" />
            <license-text xlink:href="LICENCES-hi.txt" lang="hi" />
        </simple-license>
    </registration>
    <version value="2.0.0.3" />
    <identifier value="Hindi_spellchecker.from.shreeshrii.Thu Mar 16 12:14:52 2017 +0530" />
    <display-name>
        <name lang="en">hi_IN Hindi Hunspell dictionary 2.0.0.3</name>
        <name lang="hi">हिंदी वर्तनी जांचक 2.0.0.3</name>
    </display-name>
    <platform value="all" />
    <dependencies>
        <OpenOffice.org-minimal-version value="3.0" d:name="OpenOffice.org 3.0" />
    </dependencies>
</description>